<?xml version="1.0" encoding="UTF-8"?>
<preferences>
 <debug showDebugMenu="0" />
 <systemtable filter="All Interfaces">
  <columns>
   <connections preferredWidth="95" />
   <irq preferredWidth="34" />
   <name preferredWidth="199" />
   <export preferredWidth="286" />
   <description preferredWidth="258" />
  </columns>
 </systemtable>
 <library expandedCategories="Library,Project" />
 <window width="1433" height="800" x="0" y="0" />
 <hdlexample language="VHDL" />
 <generation
   simulation="VHDL"
   synthesis="VHDL"
   testbench_simulation="VHDL"
   testbench_system="STANDARD" />
</preferences>
