<?xml version="1.0" encoding="UTF-8"?>
<preferences>
 <debug showDebugMenu="0" />
 <systemtable filter="All Interfaces">
  <columns>
   <connections preferredWidth="127" />
   <irq preferredWidth="34" />
   <name preferredWidth="504" />
   <export preferredWidth="286" />
   <inputclock preferredWidth="287" />
   <description preferredWidth="291" />
  </columns>
 </systemtable>
 <library
   expandedCategories="Library/University Program/Audio &amp; Video/Video,Library/Interface Protocols,Library/Basic Functions/DMA,Library/University Program,Library/Basic Functions,Project,Library/Interface Protocols/PCI Express,Library/Interface Protocols/PCI Express/QSYS Example Designs,Library/Basic Functions/DMA/mSGDMA Sub-core,Library/University Program/Audio &amp; Video,Library" />
 <window width="1942" height="1042" x="-11" y="-11" />
 <hdlexample language="VHDL" />
 <generation
   simulation="VHDL"
   synthesis="NONE"
   testbench_simulation="VHDL"
   testbench_system="STANDARD"
   block_symbol_file="0" />
</preferences>
